-- =====================================================================
-- School Calendar — Seed Data
-- Run this AFTER 01_schema.sql
-- =====================================================================

-- Bell schedule
insert into bell_schedule (lesson_number, start_time, end_time, label) values
    (0, '08:45', '09:00', 'Сонастройка'),
    (1, '09:00', '09:45', '1 урок'),
    (2, '09:55', '10:40', '2 урок'),
    (3, '10:50', '11:35', '3 урок'),
    (4, '11:45', '12:30', '4 урок'),
    (5, '12:40', '13:25', '5 урок'),
    (6, '13:35', '14:20', '6 урок'),
    (7, '14:30', '15:15', '7 урок'),
    (8, '15:25', '16:10', '8 урок')
on conflict (lesson_number) do update set start_time=excluded.start_time, end_time=excluded.end_time, label=excluded.label;

-- Teachers
insert into teachers (id, name, subject, grades) values
    (1, 'Абдуллаева Джамиля', 'Русский язык, Литература', '["Начальная школа (1-4)"]'::jsonb),
    (2, 'Аношко Лиана', 'Тьютор', '["Начальная школа (1-4)"]'::jsonb),
    (3, 'Барышникова Дарья', 'Физика', '["Средняя школа (5-9)"]'::jsonb),
    (4, 'Бондарь Ольга', 'Технология, ИЗО', '["Начальная школа (1-4)"]'::jsonb),
    (5, 'Вайнула Анастасия', 'Русский язык, Литература', '["Средняя школа (5-9)"]'::jsonb),
    (6, 'Гайденко Елена', 'География', '["Средняя школа (5-9)"]'::jsonb),
    (7, 'Голубева Елизавета', 'Тьютор', '["Средняя школа (5-9)"]'::jsonb),
    (8, 'Ерохина Анастасия', 'Английский язык', '["Начальная школа (1-4)"]'::jsonb),
    (9, 'Карнаушенко Оксана', 'Математика', '["Средняя школа (5-9)"]'::jsonb),
    (10, 'Карпова', 'Музыка', '["Начальная школа (1-4)"]'::jsonb),
    (11, 'Козлова Галина', 'Русский язык, Литература', '["Начальная школа (1-4)"]'::jsonb),
    (12, 'Коновалова Евгения', 'Тьютор', '["Начальная школа (1-4)"]'::jsonb),
    (13, 'Лалетина Елизавета', 'Тьютор', '["Средняя школа (5-9)"]'::jsonb),
    (14, 'Ларшина Анастасия', 'Алгебра, Геометрия, Информатика', '["Средняя школа (5-9)"]'::jsonb),
    (15, 'Латышева Ирина', 'Английский язык', '["Средняя школа (5-9)"]'::jsonb),
    (16, 'Лукина Юлия', 'Тьютор', '["Средняя школа (5-9)"]'::jsonb),
    (17, 'Малкова Полина', 'Английский язык', '["Начальная школа (1-4)"]'::jsonb),
    (18, 'Матвеева Валерия', 'Английский язык', '["Средняя школа (5-9)"]'::jsonb),
    (19, 'Михайлова Марина', 'Математика', '["Средняя школа (5-9)"]'::jsonb),
    (20, 'Мишина Валерия', 'Русский язык, Литература', '["Средняя школа (5-9)"]'::jsonb),
    (21, 'Павленко Ольга', 'Биология', '["Средняя школа (5-9)"]'::jsonb),
    (22, 'Павликов Дмитрий', 'История, Обществознание', '["Средняя школа (5-9)"]'::jsonb),
    (23, 'Пашкова Анна', 'Начальная школа', '["Начальная школа (1-4)"]'::jsonb),
    (24, 'Петрова Елизавета', 'Русский язык, Литература', '["Начальная школа (1-4)"]'::jsonb),
    (25, 'Рассолова Екатерина', 'Тьютор', '["Начальная школа (1-4)"]'::jsonb),
    (26, 'Савина Ксения', 'Математика, Окружающий мир', '["Начальная школа (1-4)"]'::jsonb),
    (27, 'Силосьева Алла', 'Тьютор', '["Начальная школа (1-4)"]'::jsonb),
    (28, 'Созонов', 'Химия', '["Средняя школа (5-9)"]'::jsonb),
    (29, 'Тронина', 'Музыка', '["Начальная школа (1-4)"]'::jsonb),
    (30, 'Цуркан Юлия', 'Тьютор', '["Начальная школа (1-4)"]'::jsonb),
    (31, 'Чеченкова Светлана', 'Математика, Окружающий мир', '["Начальная школа (1-4)"]'::jsonb)
on conflict (id) do update set name=excluded.name, subject=excluded.subject, grades=excluded.grades;

-- Initial teacher rates (default 500, Kozlova=11 forced to 700)
insert into teacher_rates (teacher_id, rate) values
    (1, 500),
    (2, 500),
    (3, 500),
    (4, 500),
    (5, 500),
    (6, 500),
    (7, 500),
    (8, 500),
    (9, 500),
    (10, 500),
    (11, 700),
    (12, 500),
    (13, 500),
    (14, 500),
    (15, 500),
    (16, 500),
    (17, 500),
    (18, 500),
    (19, 500),
    (20, 500),
    (21, 500),
    (22, 500),
    (23, 500),
    (24, 500),
    (25, 500),
    (26, 500),
    (27, 500),
    (28, 500),
    (29, 500),
    (30, 500),
    (31, 500)
on conflict (teacher_id) do nothing;

-- Lessons (REAL_SCHEDULE)
delete from lessons;
insert into lessons (class_name, day_name, time_slot, subject, teacher_last_name) values
    ('1А', 'Понедельник', '08:45-09:00', 'Сонастройка', 'Коновалова'),
    ('1А', 'Понедельник', '09:00-09:45', 'Русский язык', 'Пашкова'),
    ('1А', 'Понедельник', '09:55-10:40', 'Окружающий мир', 'Савина'),
    ('1А', 'Понедельник', '10:50-11:35', 'Музыка', 'Карпова'),
    ('1А', 'Вторник', '08:45-09:00', 'Сонастройка', 'Пашкова'),
    ('1А', 'Вторник', '09:00-09:45', 'Математика', 'Савина'),
    ('1А', 'Вторник', '09:55-10:40', 'Литературное чтение', 'Пашкова'),
    ('1А', 'Среда', '08:45-09:00', 'Сонастройка', 'Коновалова'),
    ('1А', 'Среда', '09:00-09:45', 'Русский язык', 'Пашкова'),
    ('1А', 'Среда', '09:55-10:40', 'Математика', 'Савина'),
    ('1А', 'Четверг', '08:45-09:00', 'Сонастройка', 'Коновалова'),
    ('1А', 'Четверг', '09:00-09:45', 'тьюторский час', 'Коновалова'),
    ('1А', 'Четверг', '09:55-10:40', 'Окружающий мир', 'Савина'),
    ('1А', 'Четверг', '10:50-11:35', 'Литературное чтение', 'Пашкова'),
    ('1А', 'Пятница', '08:45-09:00', 'Сонастройка', 'Пашкова'),
    ('1А', 'Пятница', '09:00-09:45', 'Технология', 'Бондарь'),
    ('1А', 'Пятница', '09:55-10:40', 'Математика', 'Савина'),
    ('1Б', 'Понедельник', '11:30-11:45', 'Сонастройка', 'Коновалова'),
    ('1Б', 'Понедельник', '11:45-12:30', 'Окружающий мир', 'Савина'),
    ('1Б', 'Понедельник', '12:40-13:25', 'Технология', 'Бондарь'),
    ('1Б', 'Понедельник', '13:35-14:20', 'Музыка', 'Карпова'),
    ('1Б', 'Вторник', '11:30-11:45', 'Сонастройка', 'Савина'),
    ('1Б', 'Вторник', '11:45-12:30', 'Математика', 'Савина'),
    ('1Б', 'Вторник', '12:40-13:25', 'Русский язык', 'Пашкова'),
    ('1Б', 'Среда', '11:30-11:45', 'Сонастройка', 'Коновалова'),
    ('1Б', 'Среда', '11:45-12:30', 'Математика', 'Савина'),
    ('1Б', 'Среда', '12:40-13:25', 'Литературное чтение', 'Пашкова'),
    ('1Б', 'Среда', '13:35-14:20', 'Тьюторский час', 'Рассолова'),
    ('1Б', 'Четверг', '11:30-11:45', 'Сонастройка', 'Савина'),
    ('1Б', 'Четверг', '11:45-12:30', 'Русский язык', 'Пашкова'),
    ('1Б', 'Четверг', '12:40-13:25', 'Окружающий мир', 'Савина'),
    ('1Б', 'Пятница', '11:30-11:45', 'Сонастройка', 'Коновалова'),
    ('1Б', 'Пятница', '11:45-12:30', 'Математика', 'Савина'),
    ('1Б', 'Пятница', '12:40-13:25', 'Литературное чтение', 'Пашкова'),
    ('2А', 'Понедельник', '08:45-09:00', 'Сонастройка', 'Козлова'),
    ('2А', 'Понедельник', '09:00-09:45', 'Русский язык', 'Козлова'),
    ('2А', 'Понедельник', '09:55-10:40', 'Музыка', 'Карпова'),
    ('2А', 'Понедельник', '10:50-11:35', 'Английский язык', 'Ерохина'),
    ('2А', 'Понедельник', '11:45-12:30', 'Математика', 'Пашкова'),
    ('2А', 'Вторник', '08:45-09:00', 'Сонастройка', 'Козлова'),
    ('2А', 'Вторник', '09:00-09:45', 'Технология', 'Бондарь'),
    ('2А', 'Вторник', '09:55-10:40', 'Русский язык', 'Козлова'),
    ('2А', 'Вторник', '10:50-11:35', 'Математика', 'Пашкова'),
    ('2А', 'Среда', '08:45-09:00', 'Сонастройка', 'Козлова'),
    ('2А', 'Среда', '09:00-09:45', 'Русский язык', 'Козлова'),
    ('2А', 'Среда', '09:55-10:40', 'Окружающий мир', 'Пашкова'),
    ('2А', 'Среда', '10:50-11:35', 'Английский язык', 'Ерохина'),
    ('2А', 'Четверг', '08:45-09:00', 'Сонастройка', 'Силосьева'),
    ('2А', 'Четверг', '09:00-09:45', 'Литература', 'Козлова'),
    ('2А', 'Четверг', '09:55-10:40', 'Окружающий мир', 'Пашкова'),
    ('2А', 'Четверг', '10:50-11:35', 'Тьюторский час', 'Силосьева'),
    ('2А', 'Пятница', '08:45-09:00', 'Сонастройка', 'Козлова'),
    ('2А', 'Пятница', '09:00-09:45', 'Литература', 'Козлова'),
    ('2А', 'Пятница', '09:55-10:40', 'Английский язык', 'Ерохина'),
    ('2А', 'Пятница', '10:50-11:35', 'Математика', 'Пашкова'),
    ('2Б', 'Понедельник', '11:45-12:30', 'Русский язык', 'Козлова'),
    ('2Б', 'Понедельник', '12:40-13:25', 'Окружающий мир', 'Савина'),
    ('2Б', 'Понедельник', '13:35-14:20', 'тьюторский час', 'Коновалова'),
    ('2Б', 'Понедельник', '14:30-15:15', 'Музыка', 'Карпова'),
    ('2Б', 'Вторник', '11:30-11:45', 'Сонастройка', 'Ерохина'),
    ('2Б', 'Вторник', '11:45-12:30', 'Английский язык', 'Ерохина'),
    ('2Б', 'Вторник', '12:40-13:25', 'Математика', 'Савина'),
    ('2Б', 'Вторник', '13:35-14:20', 'Литература', 'Козлова'),
    ('2Б', 'Среда', '11:30-11:45', 'Сонастройка', 'Козлова'),
    ('2Б', 'Среда', '11:45-12:30', 'Русский язык', 'Козлова'),
    ('2Б', 'Среда', '12:40-13:25', 'Математика', 'Савина'),
    ('2Б', 'Среда', '13:35-14:20', 'Английский язык', 'Ерохина'),
    ('2Б', 'Четверг', '11:30-11:45', 'Сонастройка', 'Козлова'),
    ('2Б', 'Четверг', '11:45-12:30', 'Литература', 'Козлова'),
    ('2Б', 'Четверг', '12:40-13:25', 'Английский язык', 'Ерохина'),
    ('2Б', 'Четверг', '13:35-14:20', 'Окружающий мир', 'Савина'),
    ('2Б', 'Пятница', '11:30-11:45', 'Сонастройка', 'Козлова'),
    ('2Б', 'Пятница', '11:45-12:30', 'Технология', 'Бондарь'),
    ('2Б', 'Пятница', '12:40-13:25', 'Математика', 'Савина'),
    ('2Б', 'Пятница', '13:35-14:20', 'Русский язык', 'Козлова'),
    ('2В', 'Понедельник', '08:45-09:00', 'Сонастройка', 'Абдуллаева'),
    ('2В', 'Понедельник', '09:00-09:45', 'Русский язык', 'Абдуллаева'),
    ('2В', 'Понедельник', '09:55-10:40', 'Английский язык', 'Малкова'),
    ('2В', 'Понедельник', '10:50-11:35', 'Математика', 'Пашкова'),
    ('2В', 'Понедельник', '11:45-12:30', 'Музыка', 'Карпова'),
    ('2В', 'Вторник', '08:45-09:00', 'Сонастройка', 'Коновалова'),
    ('2В', 'Вторник', '09:00-09:45', 'Окружающий мир', 'Пашкова'),
    ('2В', 'Вторник', '09:55-10:40', 'Литературное чтение', 'Абдуллаева'),
    ('2В', 'Вторник', '10:50-11:35', 'Тьюторский час', 'Рассолова'),
    ('2В', 'Среда', '08:45-09:00', 'Сонастройка', 'Абдуллаева'),
    ('2В', 'Среда', '09:00-09:45', 'Русский язык', 'Абдуллаева'),
    ('2В', 'Среда', '09:55-10:40', 'Английский язык', 'Малкова'),
    ('2В', 'Среда', '10:50-11:35', 'Математика', 'Пашкова'),
    ('2В', 'Четверг', '08:45-09:00', 'Сонастройка', 'Абдуллаева'),
    ('2В', 'Четверг', '09:00-09:45', 'Технология', 'Бондарь'),
    ('2В', 'Четверг', '09:55-10:40', 'Английский язык', 'Малкова'),
    ('2В', 'Четверг', '10:50-11:35', 'Литературное чтение', 'Абдуллаева'),
    ('2В', 'Пятница', '08:45-09:00', 'Сонастройка', 'Коновалова'),
    ('2В', 'Пятница', '09:00-09:45', 'Математика', 'Пашкова'),
    ('2В', 'Пятница', '09:55-10:40', 'Окружающий мир', 'Пашкова'),
    ('2В', 'Пятница', '10:50-11:35', 'Русский язык', 'Абдуллаева'),
    ('3А', 'Понедельник', '08:45-09:00', 'Сонастройка', 'Силосьева'),
    ('3А', 'Понедельник', '09:00-09:45', 'Математика', 'Савина'),
    ('3А', 'Понедельник', '09:55-10:40', 'Английский язык', 'Ерохина'),
    ('3А', 'Понедельник', '10:50-11:35', 'Русский язык', 'Козлова'),
    ('3А', 'Вторник', '08:45-09:00', 'Сонастройка', 'Силосьева'),
    ('3А', 'Вторник', '09:00-09:45', 'Литература', 'Козлова'),
    ('3А', 'Вторник', '09:55-10:40', 'Математика', 'Савина'),
    ('3А', 'Вторник', '10:50-11:35', 'Музыка', 'Тронина'),
    ('3А', 'Среда', '08:45-09:00', 'Сонастройка', 'Силосьева'),
    ('3А', 'Среда', '09:00-09:45', 'Окружающий мир', 'Савина'),
    ('3А', 'Среда', '09:55-10:40', 'Литература', 'Козлова'),
    ('3А', 'Среда', '10:50-11:35', 'Тьюторский час', 'Силосьева'),
    ('3А', 'Четверг', '08:45-09:00', 'Сонастройка', 'Козлова'),
    ('3А', 'Четверг', '09:00-09:45', 'Математика', 'Савина'),
    ('3А', 'Четверг', '09:55-10:40', 'Русский язык', 'Козлова'),
    ('3А', 'Четверг', '10:50-11:35', 'Английский язык', 'Ерохина'),
    ('3А', 'Пятница', '08:45-09:00', 'Сонастройка', 'Силосьева'),
    ('3А', 'Пятница', '09:00-09:45', 'Окружающий мир', 'Савина'),
    ('3А', 'Пятница', '09:55-10:40', 'Русский язык', 'Козлова'),
    ('3А', 'Пятница', '10:50-11:35', 'ИЗО', 'Бондарь'),
    ('3А', 'Пятница', '11:45-12:30', 'Английский язык', 'Ерохина'),
    ('3Б', 'Понедельник', '11:30-11:45', 'Сонастройка', 'Аношко'),
    ('3Б', 'Понедельник', '11:45-12:30', 'тьюторский час', 'Аношко'),
    ('3Б', 'Понедельник', '12:40-13:25', 'Русский язык', 'Козлова'),
    ('3Б', 'Понедельник', '13:35-14:20', 'Математика', 'Савина'),
    ('3Б', 'Понедельник', '14:30-15:15', 'Окружающий мир', 'Савина'),
    ('3Б', 'Вторник', '11:30-11:45', 'Сонастройка', 'Аношко'),
    ('3Б', 'Вторник', '11:45-12:30', 'Литература', 'Козлова'),
    ('3Б', 'Вторник', '12:40-13:25', 'Технология', 'Бондарь'),
    ('3Б', 'Вторник', '13:35-14:20', 'Музыка', 'Тронина'),
    ('3Б', 'Среда', '11:30-11:45', 'Сонастройка', 'Аношко'),
    ('3Б', 'Среда', '11:45-12:30', 'Английский язык', 'Ерохина'),
    ('3Б', 'Среда', '12:40-13:25', 'Литература', 'Козлова'),
    ('3Б', 'Среда', '13:35-14:20', 'Окружающий мир', 'Савина'),
    ('3Б', 'Четверг', '11:30-11:45', 'Сонастройка', 'Аношко'),
    ('3Б', 'Четверг', '11:45-12:30', 'Окружающий мир', 'Савина'),
    ('3Б', 'Четверг', '12:40-13:25', 'Русский язык', 'Козлова'),
    ('3Б', 'Четверг', '13:35-14:20', 'Английский язык', 'Ерохина'),
    ('3Б', 'Пятница', '11:30-11:45', 'Сонастройка', 'Аношко'),
    ('3Б', 'Пятница', '11:45-12:30', 'Русский язык', 'Козлова'),
    ('3Б', 'Пятница', '12:40-13:25', 'Английский язык', 'Ерохина'),
    ('3Б', 'Пятница', '13:35-14:20', 'Математика', 'Савина'),
    ('3В', 'Понедельник', '08:45-09:00', 'Сонастройка', 'Аношко'),
    ('3В', 'Понедельник', '09:00-09:45', 'Математика', 'Чеченкова'),
    ('3В', 'Понедельник', '09:55-10:40', 'Тьюторский час', 'Аношко'),
    ('3В', 'Понедельник', '10:50-11:35', 'Русский язык', 'Абдуллаева'),
    ('3В', 'Вторник', '08:45-09:00', 'Сонастройка', 'Аношко'),
    ('3В', 'Вторник', '09:00-09:45', 'Музыка', 'Тронина'),
    ('3В', 'Вторник', '09:55-10:40', 'Окружающий мир', 'Чеченкова'),
    ('3В', 'Вторник', '10:50-11:35', 'Литература', 'Абдуллаева'),
    ('3В', 'Вторник', '11:45-12:30', 'Технология', 'Бондарь'),
    ('3В', 'Среда', '08:45-09:00', 'Сонастройка', 'Аношко'),
    ('3В', 'Среда', '09:00-09:45', 'Математика', 'Чеченкова'),
    ('3В', 'Среда', '09:55-10:40', 'Английский язык', 'Ерохина'),
    ('3В', 'Среда', '10:50-11:35', 'Русский язык', 'Абдуллаева'),
    ('3В', 'Четверг', '08:45-09:00', 'Сонастройка', 'Аношко'),
    ('3В', 'Четверг', '09:00-09:45', 'Литература', 'Абдуллаева'),
    ('3В', 'Четверг', '09:55-10:40', 'Английский язык', 'Ерохина'),
    ('3В', 'Четверг', '10:50-11:35', 'Математика', 'Чеченкова'),
    ('3В', 'Пятница', '08:45-09:00', 'Сонастройка', 'Аношко'),
    ('3В', 'Пятница', '09:00-09:45', 'Русский язык', 'Абдуллаева'),
    ('3В', 'Пятница', '09:55-10:40', 'Окружающий мир', 'Чеченкова'),
    ('3В', 'Пятница', '10:50-11:35', 'Английский язык', 'Ерохина'),
    ('4А', 'Понедельник', '08:45-09:00', 'Сонастройка', 'Цуркан'),
    ('4А', 'Понедельник', '09:00-09:45', 'тьюторский час', 'Цуркан'),
    ('4А', 'Понедельник', '09:55-10:40', 'Окружающий мир', 'Чеченкова'),
    ('4А', 'Понедельник', '10:50-11:35', 'Математика', 'Чеченкова'),
    ('4А', 'Понедельник', '11:45-12:30', 'Литература', 'Петрова'),
    ('4А', 'Вторник', '08:45-09:00', 'Сонастройка', 'Чеченкова'),
    ('4А', 'Вторник', '09:00-09:45', 'Математика', 'Чеченкова'),
    ('4А', 'Вторник', '09:55-10:40', 'Музыка', 'Тронина'),
    ('4А', 'Вторник', '10:50-11:35', 'Русский язык', 'Петрова'),
    ('4А', 'Среда', '08:45-09:00', 'Сонастройка', 'Цуркан'),
    ('4А', 'Среда', '09:00-09:45', 'Английский язык', 'Малкова'),
    ('4А', 'Среда', '09:55-10:40', 'Русский язык', 'Петрова'),
    ('4А', 'Среда', '10:50-11:35', 'Окружающий мир', 'Чеченкова'),
    ('4А', 'Четверг', '08:45-09:00', 'Сонастройка', 'Чеченкова'),
    ('4А', 'Четверг', '09:00-09:45', 'Английский язык', 'Малкова'),
    ('4А', 'Четверг', '09:55-10:40', 'Математика', 'Чеченкова'),
    ('4А', 'Пятница', '08:45-09:00', 'Сонастройка', 'Цуркан'),
    ('4А', 'Пятница', '09:00-09:45', 'Английский язык', 'Малкова'),
    ('4А', 'Пятница', '09:55-10:40', 'Технология', 'Бондарь'),
    ('4А', 'Пятница', '10:50-11:35', 'Русский язык', 'Петрова'),
    ('4А', 'Пятница', '11:45-12:30', 'Литература', 'Петрова'),
    ('4Б', 'Понедельник', '11:30-11:45', 'Сонастройка', 'Цуркан'),
    ('4Б', 'Понедельник', '11:45-12:30', 'Технология', 'Бондарь'),
    ('4Б', 'Понедельник', '12:40-13:25', 'Русский язык', 'Петрова'),
    ('4Б', 'Понедельник', '13:35-14:20', 'Математика', 'Пашкова'),
    ('4Б', 'Вторник', '11:30-11:45', 'Сонастройка', 'Цуркан'),
    ('4Б', 'Вторник', '11:45-12:30', 'Математика', 'Пашкова'),
    ('4Б', 'Вторник', '12:40-13:25', 'Музыка', 'Тронина'),
    ('4Б', 'Вторник', '13:35-14:20', 'Литература', 'Петрова'),
    ('4Б', 'Среда', '11:30-11:45', 'Сонастройка', 'Цуркан'),
    ('4Б', 'Среда', '11:45-12:30', 'Окружающий мир', 'Пашкова'),
    ('4Б', 'Среда', '12:40-13:25', 'Английский язык', 'Малкова'),
    ('4Б', 'Среда', '13:35-14:20', 'Русский язык', 'Петрова'),
    ('4Б', 'Четверг', '11:30-11:45', 'Сонастройка', 'Цуркан'),
    ('4Б', 'Четверг', '11:45-12:30', 'Английский язык', 'Малкова'),
    ('4Б', 'Четверг', '12:40-13:25', 'Математика', 'Пашкова'),
    ('4Б', 'Четверг', '13:35-14:20', 'Русский язык', 'Петрова'),
    ('4Б', 'Пятница', '11:30-11:45', 'Сонастройка', 'Цуркан'),
    ('4Б', 'Пятница', '11:45-12:30', 'Окружающий мир', 'Пашкова'),
    ('4Б', 'Пятница', '12:40-13:25', 'Английский язык', 'Малкова'),
    ('4Б', 'Пятница', '13:35-14:20', 'Литература', 'Петрова'),
    ('4Б', 'Пятница', '14:30-15:15', 'Тьютоский час', 'Цуркан'),
    ('4В', 'Понедельник', '08:45-09:00', 'Сонастройка', 'Малкова'),
    ('4В', 'Понедельник', '09:00-09:45', 'Английский язык', 'Малкова'),
    ('4В', 'Понедельник', '09:55-10:40', 'Русский язык', 'Петрова'),
    ('4В', 'Понедельник', '10:50-11:35', 'Литература', 'Петрова'),
    ('4В', 'Вторник', '08:45-09:00', 'Сонастройка', 'Цуркан'),
    ('4В', 'Вторник', '09:00-09:45', 'тьюторский час', 'Цуркан'),
    ('4В', 'Вторник', '09:55-10:40', 'Русский язык', 'Петрова'),
    ('4В', 'Вторник', '10:50-11:35', 'Математика', 'Чеченкова'),
    ('4В', 'Вторник', '11:45-12:30', 'Музыка', 'Тронина'),
    ('4В', 'Среда', '08:45-09:00', 'Сонастройка', 'Чеченкова'),
    ('4В', 'Среда', '09:00-09:45', 'Технология', 'Бондарь'),
    ('4В', 'Среда', '09:55-10:40', 'Окружающий мир', 'Чеченкова'),
    ('4В', 'Среда', '10:50-11:35', 'Литература', 'Петрова'),
    ('4В', 'Четверг', '08:45-09:00', 'Сонастройка', 'Цуркан'),
    ('4В', 'Четверг', '09:00-09:45', 'Русский язык', 'Петрова'),
    ('4В', 'Четверг', '09:55-10:40', 'Русский язык', 'Петрова'),
    ('4В', 'Четверг', '10:50-11:35', 'Английский язык', 'Малкова'),
    ('4В', 'Пятница', '08:45-09:00', 'Сонастройка', 'Чеченкова'),
    ('4В', 'Пятница', '09:00-09:45', 'Окружающий мир', 'Чеченкова'),
    ('4В', 'Пятница', '10:50-11:35', 'Математика', 'Чеченкова'),
    ('5А', 'Понедельник', '08:45-09:00', 'Сонастройка', 'Мишина'),
    ('5А', 'Понедельник', '09:00-09:45', 'Русский язык', 'Мишина'),
    ('5А', 'Понедельник', '09:55-10:40', 'Математика', 'Михайлова'),
    ('5А', 'Понедельник', '10:50-11:35', 'Английский язык', 'Матвеева'),
    ('5А', 'Вторник', '08:45-09:00', 'Сонастройка', 'Мишина'),
    ('5А', 'Вторник', '09:00-09:45', 'Математика', 'Михайлова'),
    ('5А', 'Вторник', '09:55-10:40', 'Литература', 'Мишина'),
    ('5А', 'Вторник', '10:50-11:35', 'География', 'Гайденко'),
    ('5А', 'Среда', '08:45-09:00', 'Сонастройка', 'Мишина'),
    ('5А', 'Среда', '09:00-09:45', 'Русский язык', 'Мишина'),
    ('5А', 'Среда', '09:55-10:40', 'Тьюторский час', 'Силосьева'),
    ('5А', 'Среда', '10:50-11:35', 'Английский язык', 'Матвеева'),
    ('5А', 'Четверг', '08:45-09:00', 'Сонастройка', 'Мишина'),
    ('5А', 'Четверг', '09:00-09:45', 'Математика', 'Михайлова'),
    ('5А', 'Четверг', '09:55-10:40', 'Биология', 'Павленко'),
    ('5А', 'Четверг', '10:50-11:35', 'Литература', 'Мишина'),
    ('5А', 'Пятница', '08:45-09:00', 'Сонастройка', 'Мишина'),
    ('5А', 'Пятница', '09:00-09:45', 'Русский язык', 'Мишина'),
    ('5А', 'Пятница', '09:55-10:40', 'История', 'Павликов'),
    ('5А', 'Пятница', '10:50-11:35', 'История', 'Павликов'),
    ('5А', 'Пятница', '11:45-12:30', 'Английский язык', 'Матвеева'),
    ('5Б', 'Понедельник', '08:45-09:00', 'Сонастройка', 'Лукина'),
    ('5Б', 'Понедельник', '09:00-09:45', 'Математика', 'Михайлова'),
    ('5Б', 'Понедельник', '09:55-10:40', 'Русский язык', 'Мишина'),
    ('5Б', 'Понедельник', '10:50-11:35', 'тьюторский час', 'Лукина'),
    ('5Б', 'Понедельник', '11:45-12:30', 'Английский язык', 'Матвеева'),
    ('5Б', 'Вторник', '08:45-09:00', 'Сонастройка', 'Лукина'),
    ('5Б', 'Вторник', '09:00-09:45', 'Литература', 'Мишина'),
    ('5Б', 'Вторник', '09:55-10:40', 'Биология', 'Павленко'),
    ('5Б', 'Вторник', '10:50-11:35', 'Русский язык', 'Мишина'),
    ('5Б', 'Среда', '08:45-09:00', 'Сонастройка', 'Лукина'),
    ('5Б', 'Среда', '09:00-09:45', 'Математика', 'Михайлова'),
    ('5Б', 'Среда', '09:55-10:40', 'Английский язык', 'Матвеева'),
    ('5Б', 'Среда', '10:50-11:35', 'История', 'Павликов'),
    ('5Б', 'Четверг', '08:45-09:00', 'Сонастройка', 'Лукина'),
    ('5Б', 'Четверг', '09:00-09:45', 'Литература', 'Мишина'),
    ('5Б', 'Четверг', '09:55-10:40', 'Английский язык', 'Матвеева'),
    ('5Б', 'Четверг', '10:50-11:35', 'История', 'Павликов'),
    ('5Б', 'Пятница', '08:45-09:00', 'Сонастройка', 'Лукина'),
    ('5Б', 'Пятница', '09:00-09:45', 'Математика', 'Михайлова'),
    ('5Б', 'Пятница', '09:55-10:40', 'География', 'Гайденко'),
    ('5Б', 'Пятница', '10:50-11:35', 'Русский язык', 'Мишина'),
    ('5В', 'Понедельник', '11:30-11:45', 'Сонастройка', 'Мишина'),
    ('5В', 'Понедельник', '11:45-12:30', 'Русский язык', 'Мишина'),
    ('5В', 'Понедельник', '12:40-13:25', 'Математика', 'Михайлова'),
    ('5В', 'Понедельник', '13:35-14:20', 'Английский язык', 'Матвеева'),
    ('5В', 'Вторник', '11:30-11:45', 'Сонастройка', 'Лукина'),
    ('5В', 'Вторник', '11:45-12:30', 'Биология', 'Павленко'),
    ('5В', 'Вторник', '12:40-13:25', 'Тьюторский час', 'Лукина'),
    ('5В', 'Вторник', '13:35-14:20', 'Литература', 'Мишина'),
    ('5В', 'Среда', '11:30-11:45', 'Сонастройка', 'Мишина'),
    ('5В', 'Среда', '11:45-12:30', 'Русский язык', 'Мишина'),
    ('5В', 'Среда', '12:40-13:25', 'Математика', 'Михайлова'),
    ('5В', 'Среда', '13:35-14:20', 'История', 'Павликов'),
    ('5В', 'Среда', '14:30-15:15', 'Английский язык', 'Матвеева'),
    ('5В', 'Четверг', '11:30-11:45', 'Сонастройка', 'Мишина'),
    ('5В', 'Четверг', '11:45-12:30', 'История', 'Павликов'),
    ('5В', 'Четверг', '12:40-13:25', 'Русский язык', 'Мишина'),
    ('5В', 'Четверг', '13:35-14:20', 'Литература', 'Мишина'),
    ('5В', 'Пятница', '11:30-11:45', 'Сонастройка', 'Михайлова'),
    ('5В', 'Пятница', '11:45-12:30', 'Математика', 'Михайлова'),
    ('5В', 'Пятница', '12:40-13:25', 'География', 'Гайденко'),
    ('5В', 'Пятница', '13:35-14:20', 'Английский язык', 'Матвеева'),
    ('6А', 'Понедельник', '08:45-09:00', 'Сонастройка', 'Голубева'),
    ('6А', 'Понедельник', '09:00-09:45', 'Русский язык', 'Вайнула'),
    ('6А', 'Понедельник', '09:55-10:40', 'Английский язык', 'Латышева'),
    ('6А', 'Понедельник', '10:50-11:35', 'Математика', 'Карнаушенко'),
    ('6А', 'Вторник', '08:45-09:00', 'Сонастройка', 'Вайнула'),
    ('6А', 'Вторник', '09:00-09:45', 'Литература', 'Вайнула'),
    ('6А', 'Вторник', '09:55-10:40', 'География', 'Гайденко'),
    ('6А', 'Вторник', '10:50-11:35', 'Математика', 'Карнаушенко'),
    ('6А', 'Среда', '08:45-09:00', 'Сонастройка', 'Голубева'),
    ('6А', 'Среда', '09:00-09:45', 'История', 'Павликов'),
    ('6А', 'Среда', '09:55-10:40', 'Английский язык', 'Латышева'),
    ('6А', 'Четверг', '08:45-09:00', 'Сонастройка', 'Вайнула'),
    ('6А', 'Четверг', '09:00-09:45', 'Русский язык', 'Вайнула'),
    ('6А', 'Четверг', '09:55-10:40', 'История', 'Павликов'),
    ('6А', 'Четверг', '10:50-11:35', 'Математика', 'Карнаушенко'),
    ('6А', 'Пятница', '08:45-09:00', 'Сонастройка', 'Голубева'),
    ('6А', 'Пятница', '09:00-09:45', 'Русский язык', 'Вайнула'),
    ('6А', 'Пятница', '09:55-10:40', 'Английский язык', 'Латышева'),
    ('6А', 'Пятница', '10:50-11:35', 'Литература', 'Вайнула'),
    ('6А', 'Пятница', '11:45-12:30', 'Биология', 'Павленко'),
    ('6Б', 'Понедельник', '09:00-09:45', 'Английский язык', 'Латышева'),
    ('6Б', 'Понедельник', '09:55-10:40', 'Русский язык', 'Вайнула'),
    ('6Б', 'Понедельник', '10:50-11:35', 'Тьюторский час', 'Голубева'),
    ('6Б', 'Вторник', '08:45-09:00', 'Сонастройка', 'Голубева'),
    ('6Б', 'Вторник', '09:00-09:45', 'Английский язык', 'Латышева'),
    ('6Б', 'Вторник', '09:55-10:40', 'История', 'Павликов'),
    ('6Б', 'Вторник', '10:50-11:35', 'Русский язык', 'Вайнула'),
    ('6Б', 'Среда', '09:00-09:45', 'Английский язык', 'Латышева'),
    ('6Б', 'Среда', '09:55-10:40', 'Математика', 'Карнаушенко'),
    ('6Б', 'Среда', '10:50-11:35', 'Литература', 'Вайнула'),
    ('6Б', 'Четверг', '08:45-09:00', 'Сонастройка', 'Голубева'),
    ('6Б', 'Четверг', '09:00-09:45', 'История', 'Павликов'),
    ('6Б', 'Четверг', '09:55-10:40', 'Математика', 'Карнаушенко'),
    ('6Б', 'Четверг', '10:50-11:35', 'Биология', 'Павленко'),
    ('6Б', 'Четверг', '11:45-12:30', 'Русский язык', 'Вайнула'),
    ('6Б', 'Пятница', '08:45-09:00', 'Сонастройка', 'Гайденко'),
    ('6Б', 'Пятница', '09:00-09:45', 'География', 'Гайденко'),
    ('6Б', 'Пятница', '09:55-10:40', 'Литература', 'Вайнула'),
    ('6Б', 'Пятница', '10:50-11:35', 'Математика', 'Карнаушенко'),
    ('7А', 'Понедельник', '11:30-11:45', 'Сонастройка', 'Лукина'),
    ('7А', 'Понедельник', '11:45-12:30', 'Русский язык', 'Вайнула'),
    ('7А', 'Понедельник', '12:40-13:25', 'Литература', 'Вайнула'),
    ('7А', 'Понедельник', '13:35-14:20', 'История', 'Павликов'),
    ('7А', 'Понедельник', '14:30-15:15', 'Алгебра', 'Ларшина'),
    ('7А', 'Вторник', '11:30-11:45', 'Сонастройка', 'Ларшина'),
    ('7А', 'Вторник', '11:45-12:30', 'Алгебра', 'Ларшина'),
    ('7А', 'Вторник', '12:40-13:25', 'Геометрия', 'Ларшина'),
    ('7А', 'Вторник', '13:35-14:20', 'Русский язык', 'Вайнула'),
    ('7А', 'Вторник', '14:30-15:15', 'Биология', 'Павленко'),
    ('7А', 'Среда', '11:30-11:45', 'Сонастройка', 'Лукина'),
    ('7А', 'Среда', '11:45-12:30', 'Английский язык', 'Латышева'),
    ('7А', 'Среда', '12:40-13:25', 'Литература', 'Вайнула'),
    ('7А', 'Среда', '13:35-14:20', 'Физика', 'Барышникова'),
    ('7А', 'Среда', '14:30-15:15', 'Тьюторский час', 'Лукина'),
    ('7А', 'Четверг', '11:30-11:45', 'Сонастройка', 'Лукина'),
    ('7А', 'Четверг', '11:45-12:30', 'Английский язык', 'Латышева'),
    ('7А', 'Четверг', '12:40-13:25', 'Геометрия', 'Ларшина'),
    ('7А', 'Четверг', '13:35-14:20', 'Русский язык', 'Вайнула'),
    ('7А', 'Четверг', '14:30-15:15', 'Физика', 'Барышникова'),
    ('7А', 'Пятница', '11:30-11:45', 'Сонастройка', 'Лукина'),
    ('7А', 'Пятница', '11:45-12:30', 'География', 'Гайденко'),
    ('7А', 'Пятница', '12:40-13:25', 'Алгебра', 'Ларшина'),
    ('7А', 'Пятница', '13:35-14:20', 'Информатика', 'Ларшина'),
    ('7А', 'Пятница', '14:30-15:15', 'История', 'Павликов'),
    ('7А', 'Пятница', '15:25-16:10', 'Английский язык', 'Латышева'),
    ('7Б', 'Понедельник', '08:45-09:00', 'Сонастройка', 'Карнаушенко'),
    ('7Б', 'Понедельник', '09:00-09:45', 'Алгебра', 'Карнаушенко'),
    ('7Б', 'Понедельник', '09:55-10:40', 'Геометрия', 'Карнаушенко'),
    ('7Б', 'Понедельник', '10:50-11:35', 'Русский язык', 'Вайнула'),
    ('7Б', 'Понедельник', '11:45-12:30', 'Информатика', 'Ларшина'),
    ('7Б', 'Вторник', '08:45-09:00', 'Сонастройка', 'Лалетина'),
    ('7Б', 'Вторник', '09:00-09:45', 'История', 'Павликов'),
    ('7Б', 'Вторник', '09:55-10:40', 'Литература', 'Вайнула'),
    ('7Б', 'Вторник', '10:50-11:35', 'Английский язык', 'Латышева'),
    ('7Б', 'Вторник', '11:45-12:30', 'История', 'Павликов'),
    ('7Б', 'Среда', '08:45-09:00', 'Сонастройка', 'Карнаушенко'),
    ('7Б', 'Среда', '09:00-09:45', 'Алгебра', 'Карнаушенко'),
    ('7Б', 'Среда', '09:55-10:40', 'Русский язык', 'Вайнула'),
    ('7Б', 'Среда', '10:50-11:35', 'Английский язык', 'Латышева'),
    ('7Б', 'Среда', '11:45-12:30', 'Физика', 'Барышникова'),
    ('7Б', 'Четверг', '08:45-09:00', 'Сонастройка', 'Лалетина'),
    ('7Б', 'Четверг', '09:00-09:45', 'Тьюторский час', 'Лалетина'),
    ('7Б', 'Четверг', '09:55-10:40', 'Алгебра', 'Карнаушенко'),
    ('7Б', 'Четверг', '10:50-11:35', 'Физика', 'Барышникова'),
    ('7Б', 'Четверг', '11:45-12:30', 'Английский язык', 'Латышева'),
    ('7Б', 'Четверг', '12:40-13:25', 'Литература', 'Вайнула'),
    ('7Б', 'Пятница', '08:45-09:00', 'Сонастройка', 'Карнаушенко'),
    ('7Б', 'Пятница', '09:00-09:45', 'Геометрия', 'Карнаушенко'),
    ('7Б', 'Пятница', '09:55-10:40', 'Биология', 'Павленко'),
    ('7Б', 'Пятница', '10:50-11:35', 'География', 'Гайденко'),
    ('7Б', 'Пятница', '11:45-12:30', 'Русский язык', 'Вайнула'),
    ('8А', 'Понедельник', '08:45-09:00', 'Сонастройка', 'Лалетина'),
    ('8А', 'Понедельник', '09:00-09:45', 'Информатика', 'Ларшина'),
    ('8А', 'Понедельник', '09:55-10:40', 'Тьюторский час', 'Лалетина'),
    ('8А', 'Понедельник', '10:50-11:35', 'Алгебра', 'Ларшина'),
    ('8А', 'Понедельник', '11:45-12:30', 'Английский язык', 'Латышева'),
    ('8А', 'Понедельник', '12:40-13:25', 'История', 'Павликов'),
    ('8А', 'Вторник', '08:45-09:00', 'Сонастройка', 'Ларшина'),
    ('8А', 'Вторник', '09:00-09:45', 'Алгебра', 'Ларшина'),
    ('8А', 'Вторник', '09:55-10:40', 'Английский язык', 'Латышева'),
    ('8А', 'Вторник', '10:50-11:35', 'Биология', 'Павленко'),
    ('8А', 'Вторник', '11:45-12:30', 'Литература', 'Вайнула'),
    ('8А', 'Среда', '08:45-09:00', 'Сонастройка', 'Лалетина'),
    ('8А', 'Среда', '09:00-09:45', 'География', 'Гайденко'),
    ('8А', 'Среда', '09:55-10:40', 'История', 'Павликов'),
    ('8А', 'Среда', '10:50-11:35', 'Геометрия', 'Ларшина'),
    ('8А', 'Среда', '11:45-12:30', 'Русский язык', 'Вайнула'),
    ('8А', 'Среда', '12:40-13:25', 'Обществознание', 'Павликов'),
    ('8А', 'Четверг', '08:45-09:00', 'Сонастройка', 'Ларшина'),
    ('8А', 'Четверг', '09:00-09:45', 'Физика', 'Барышникова'),
    ('8А', 'Четверг', '09:55-10:40', 'Русский язык', 'Вайнула'),
    ('8А', 'Четверг', '10:50-11:35', 'Литература', 'Вайнула'),
    ('8А', 'Четверг', '11:45-12:30', 'Алгебра', 'Ларшина'),
    ('8А', 'Пятница', '08:45-09:00', 'Сонастройка', 'Латышева'),
    ('8А', 'Пятница', '09:00-09:45', 'Английский язык', 'Латышева'),
    ('8А', 'Пятница', '09:55-10:40', 'Геометрия', 'Ларшина'),
    ('8А', 'Пятница', '10:50-11:35', 'Химия', 'Созонов'),
    ('8А', 'Пятница', '11:45-12:30', 'Физика', 'Барышникова'),
    ('8А', 'Пятница', '12:40-13:25', 'Русский язык', 'Вайнула'),
    ('9А', 'Понедельник', '08:45-09:00', 'Сонастройка', 'Павликов'),
    ('9А', 'Понедельник', '09:00-09:45', 'Обществознание', 'Павликов'),
    ('9А', 'Понедельник', '09:55-10:40', 'Алгебра', 'Ларшина'),
    ('9А', 'Понедельник', '10:50-11:35', 'Физика', 'Барышникова'),
    ('9А', 'Понедельник', '11:45-12:30', 'Тьюторский час', 'Лалетина'),
    ('9А', 'Вторник', '09:00-09:45', 'География', 'Гайденко'),
    ('9А', 'Вторник', '09:55-10:40', 'Геометрия', 'Ларшина'),
    ('9А', 'Вторник', '10:50-11:35', 'История', 'Павликов'),
    ('9А', 'Вторник', '11:45-12:30', 'Литература', 'Петрова'),
    ('9А', 'Вторник', '12:40-13:25', 'Английский язык', 'Латышева'),
    ('9А', 'Среда', '08:45-09:00', 'Сонастройка', 'Ларшина'),
    ('9А', 'Среда', '09:00-09:45', 'Алгебра', 'Ларшина'),
    ('9А', 'Среда', '09:55-10:40', 'Информатика', 'Ларшина'),
    ('9А', 'Среда', '10:50-11:35', 'Химия', 'Созонов'),
    ('9А', 'Среда', '11:45-12:30', 'Русский язык', 'Петрова'),
    ('9А', 'Среда', '12:40-13:25', 'Физика', 'Барышникова'),
    ('9А', 'Четверг', '08:45-09:00', 'Сонастройка', 'Латышева'),
    ('9А', 'Четверг', '09:00-09:45', 'Английский язык', 'Латышева'),
    ('9А', 'Четверг', '09:55-10:40', 'Геометрия', 'Ларшина'),
    ('9А', 'Четверг', '10:50-11:35', 'Русский язык', 'Петрова'),
    ('9А', 'Четверг', '11:45-12:30', 'Биология', 'Павленко'),
    ('9А', 'Четверг', '12:40-13:25', 'Литература', 'Петрова'),
    ('9А', 'Пятница', '08:45-09:00', 'Сонастройка', 'Лалетина'),
    ('9А', 'Пятница', '09:00-09:45', 'Алгебра', 'Ларшина'),
    ('9А', 'Пятница', '09:55-10:40', 'Русский язык', 'Петрова'),
    ('9А', 'Пятница', '10:50-11:35', 'Биология', 'Павленко'),
    ('9А', 'Пятница', '11:45-12:30', 'Химия', 'Созонов')
on conflict do nothing;
